{"66": {"physicalactivity_calories": {"mean": 0.44145535951678544, "var": 0.00042352874315801825, "trans_mat": [[0.9885623658185894, 0.011437634181410592], [0.9999999999943193, 5.680723896937278e-12]]}, "physicalactivity_intense_time": {"mean": 0.0, "var": 5.649717514124294e-05, "trans_mat": [[0.9943181818181761, 0.005681818181823935], [1.0, 4.016440124163483e-70]]}, "physicalactivity_moderate_time": {"mean": 0.006624070765658653, "var": 0.00025507200737768046, "trans_mat": [[0.6576813021627149, 0.324046421599215, 3.495696255073633e-21, 0.01827227623806995], [0.1753618369162919, 0.725122932715974, 0.010577424752021128, 0.088937805615713], [0.9999999999997474, 2.525825360245904e-13, 1.6116466789369373e-130, 3.44804720499158e-26], [0.4354429253408358, 0.30275495629591453, 9.320037206299185e-23, 0.26180211836324974]]}, "physicalactivity_soft_time": {"mean": 0.1571638980388018, "var": 0.0013239380215398998, "trans_mat": [[0.9600491061348209, 0.03995089386517907], [0.10577178599406538, 0.8942282140059347]]}, "sleep_awake_time": {"mean": 0.09822884462182625, "var": 0.003067844262904905, "trans_mat": [[0.3326115425191711, 0.6673884574808289], [0.13818536743917462, 0.8618146325608254]]}, "sleep_deep_time": {"mean": 0.28765027011591937, "var": 0.005074766252179503, "trans_mat": [[0.9109442579928458, 0.08905574200715423], [0.9999976602346371, 2.3397653629160174e-06]]}, "sleep_light_time": {"mean": 0.3956972700223481, "var": 0.009685500480875948, "trans_mat": [[0.6409491847445975, 0.3590508152554026], [0.33595000695621235, 0.6640499930437876]]}, "sleep_tosleep_time": {"mean": 0.043821928216424416, "var": 0.0005759080551817492, "trans_mat": [[0.9569768636870297, 0.0430231363129702], [0.9999907358793365, 9.26412066345127e-06]]}, "sleep_wakeup_num": {"mean": 0.07692307692554791, "var": 0.00012429888669258623, "trans_mat": [[0.673570389201574, 0.09906881890424109, 0.17406065872682372, 0.05330013316736136], [0.5416051679336559, 0.2580152036588181, 0.20037962840752604, 1.0704990691253594e-18], [0.34675376573785927, 0.18419936473813622, 0.41168799402901274, 0.05735887549499171], [0.6647316147725687, 5.168535746751588e-06, 0.3352632166916845, 3.807747737887304e-39]]}, "walk_distance": {"mean": 0.1328469759846964, "var": 0.001682810866184859, "trans_mat": [[0.7669574432191071, 0.21230912755061432, 0.020733429230278617], [0.7898231793538127, 0.1551662464970795, 0.05501057414910773], [0.17529953503155826, 4.004345024741743e-13, 0.8247004649680413]]}, "walk_steps": {"mean": 0.3007910928311643, "var": 0.012840376877697924, "trans_mat": [[0.17566985994955328, 2.7374962039362933e-05, 0.8243027650884073], [3.2589644422278847e-13, 0.8473205356984986, 0.15267946430117546], [0.24827535416044702, 0.02555987094606263, 0.7261647748934903]]}}, "67": {"physicalactivity_calories": {"mean": 0.4024307546271712, "var": 0.00021128378509630407, "trans_mat": [[0.8905377199108765, 0.10252845455174653, 0.006933825537376953], [0.5171663214666217, 0.4828334374597018, 2.410736764886147e-07], [0.09267599672161031, 0.030148990186896048, 0.8771750130914936]]}, "physicalactivity_intense_time": {"mean": 0.00010275418243677394, "var": 6.347666602359444e-05, "trans_mat": [[0.9441959507334141, 0.055804049266585824], [0.5937111004568272, 0.4062888995431728]]}, "physicalactivity_moderate_time": {"mean": 0.009054364547417777, "var": 0.0003219511590169297, "trans_mat": [[0.7299838882580502, 0.27001611174194984], [0.21388729999921988, 0.78611270000078]]}, "physicalactivity_soft_time": {"mean": 0.015307001367977873, "var": 0.0009408037924143695, "trans_mat": [[0.8493222407954185, 7.928027795183592e-16, 0.1506777592045807], [5.4692840691419925e-05, 0.7966892908289396, 0.2032560163303691], [0.02143321662531171, 0.017085240581219265, 0.9614815427934691]]}, "sleep_awake_time": {"mean": 0.04784421168950624, "var": 0.0009861470542337184, "trans_mat": [[0.7577813520662889, 0.24221864793371106], [0.6026467582168775, 0.3973532417831224]]}, "sleep_deep_time": {"mean": 0.37620323424301144, "var": 0.006458765988191885, "trans_mat": [[0.6851626217003625, 0.31483737829963754], [0.5937510105678393, 0.4062489894321607]]}, "sleep_light_time": {"mean": 0.4416211657708313, "var": 0.01372059237500731, "trans_mat": [[0.9777609056941639, 0.022239094305836087], [0.027098738556521024, 0.972901261443479]]}, "sleep_tosleep_time": {"mean": 0.01986279203634126, "var": 0.0006718897790126643, "trans_mat": [[0.5433389792706647, 0.4566610207293354], [0.5405826787159107, 0.4594173212840893]]}, "sleep_wakeup_num": {"mean": 0.0853119756594491, "var": 0.0040213826758458155, "trans_mat": [[0.7580652980510344, 0.2419347019489656], [0.5070472942607869, 0.4929527057392131]]}, "walk_distance": {"mean": 0.0732929365506664, "var": 0.0018962332555953658, "trans_mat": [[0.8448179066223693, 0.1551820933776307], [0.47187906964631027, 0.5281209303536897]]}, "walk_steps": {"mean": 0.10269474724101814, "var": 0.003632872230320975, "trans_mat": [[0.8147921582698832, 0.18520784173011684], [0.38604707027211516, 0.6139529297278847]]}}, "68": {"physicalactivity_calories": {"mean": 0.47077723494345547, "var": 0.0004010078985053827, "trans_mat": [[0.9876602352135782, 0.012339764786421799], [0.999999999768611, 2.313890335704604e-10]]}, "physicalactivity_intense_time": {"mean": 6.267224197162837e-05, "var": 5.918083488958723e-05, "trans_mat": [[0.9612990033605957, 0.03870099663940433], [0.8150473534075501, 0.18495264659244995]]}, "physicalactivity_moderate_time": {"mean": 0.006027326449588366, "var": 0.00020829082116978744, "trans_mat": [[0.733832814897083, 7.046381483775731e-13, 0.2661671851022124], [0.9988733545988315, 7.279933342736725e-06, 0.0011193654678257486], [0.20617976072795494, 0.0210236245777532, 0.772796614694292]]}, "physicalactivity_soft_time": {"mean": 0.15920496288402397, "var": 0.0015206182833469135, "trans_mat": [[0.986401374849726, 0.006893682032384376, 0.006704943117889497], [0.040002799994010886, 0.9599971939013691, 6.104620186000618e-09], [3.8684410486336726e-50, 1.0, 2.8678663978520273e-102]]}, "sleep_awake_time": {"mean": 0.08112667389001607, "var": 0.002236842115459103, "trans_mat": [[0.6744861574029163, 0.32551384259708366], [0.4278340228587704, 0.5721659771412295]]}, "sleep_deep_time": {"mean": 0.2620469622469897, "var": 0.01124727110318703, "trans_mat": [[0.7514216607331067, 0.24857833926689332], [0.12618549398221435, 0.8738145060177857]]}, "sleep_light_time": {"mean": 0.24424304578089293, "var": 0.006034001932224253, "trans_mat": [[0.5686006335823677, 0.4313993664176324], [0.1807298289949397, 0.8192701710050603]]}, "sleep_tosleep_time": {"mean": 0.006661609077410996, "var": 0.00025311097812062743, "trans_mat": [[0.9316199820023422, 0.06838001799765783], [0.5778095772490324, 0.42219042275096763]]}, "sleep_wakeup_num": {"mean": 0.19282171055795155, "var": 0.008056872735951317, "trans_mat": [[0.9060897655825293, 0.09391023441747078], [0.5831146254681059, 0.41688537453189406]]}, "walk_distance": {"mean": 0.0010987482446228518, "var": 0.0006740185189065816, "trans_mat": [[0.9045230620404431, 3.4583395573923724e-13, 0.09547693795913362, 7.757594497914307e-14], [0.025297370134146655, 0.8004491720180771, 0.15013580732377127, 0.024117650524004972], [7.479525721819295e-16, 0.28229424988585167, 0.6783476346669943, 0.03935811544715339], [2.468024618382506e-12, 1.0244816643510542e-05, 0.17299706524454503, 0.8269926899363433]]}, "walk_steps": {"mean": 0.30226548477807047, "var": 0.007206582034470121, "trans_mat": [[0.8228924372087757, 6.499095207196398e-09, 7.583779221152903e-08, 0.17710748045433689], [0.028179776896359098, 0.8107533074364608, 0.045394803534878125, 0.11567211213230208], [3.5567981644330673e-25, 0.15769588305926288, 0.8423041156610885, 1.2796484633761838e-09], [0.07456006337594452, 0.2746186518001246, 4.748533711696558e-37, 0.650821284823931]]}}}