{"66": {"physicalactivity_calories": {"mean": 0.44145535951678544, "var": 0.00042352874315801825, "trans_mat": [[0.9885623658185894, 0.011437634181410592], [0.9999999999943193, 5.680723896937278e-12]]}, "physicalactivity_intense_time": {"mean": 0.0, "var": 5.649717514124294e-05, "trans_mat": [[0.9943181818181761, 0.005681818181823935], [1.0, 4.016440124163483e-70]]}, "physicalactivity_moderate_time": {"mean": 0.006624070765658724, "var": 0.00025507200737768154, "trans_mat": [[0.6576813021627088, 0.01827227623805448, 0.3240464215992367, 3.495696255065188e-21], [0.4354429253409745, 0.26180211836316325, 0.3027549562958622, 9.320037206288682e-23], [0.1753618369163011, 0.08893780561568627, 0.7251229327159951, 0.010577424752017287], [0.9999999999997474, 3.448047204983396e-26, 2.5258253602436065e-13, 1.6116466789373952e-130]]}, "physicalactivity_soft_time": {"mean": 0.024884164745001828, "var": 0.0010387077278937997, "trans_mat": [[0.8942282140059347, 0.10577178599406538], [0.03995089386517907, 0.9600491061348209]]}, "sleep_awake_time": {"mean": 0.04942267751247642, "var": 0.0007656821839305528, "trans_mat": [[0.8646619133569076, 0.13533808664309244], [0.6687870840363636, 0.33121291596363656]]}, "sleep_deep_time": {"mean": 0.4409088294149025, "var": 0.0057675596476780226, "trans_mat": [[2.3397653629160174e-06, 0.9999976602346371], [0.08905574200715423, 0.9109442579928458]]}, "sleep_light_time": {"mean": 0.28585116254755377, "var": 0.009050962365420365, "trans_mat": [[0.6640499930437876, 0.33595000695621235], [0.3590508152554026, 0.6409491847445975]]}, "sleep_tosleep_time": {"mean": 0.043821928216424416, "var": 0.0005759080551817492, "trans_mat": [[0.9569768636870297, 0.0430231363129702], [0.9999907358793365, 9.26412066345127e-06]]}, "sleep_wakeup_num": {"mean": 0.0769230769255479, "var": 0.0001242988866925889, "trans_mat": [[0.6735703892015822, 0.05330013316735882, 0.09906881890423677, 0.17406065872682233], [0.6647316147725727, 3.807747737876229e-39, 5.1685357467450845e-06, 0.3352632166916804], [0.5416051679336669, 1.0704990691233863e-18, 0.2580152036587871, 0.20037962840754603], [0.3467537657378475, 0.057358875494994306, 0.1841993647381348, 0.4116879940290233]]}, "walk_distance": {"mean": 0.007993980657736929, "var": 0.0007216976240660175, "trans_mat": [[0.8247004649680378, 0.17529953503156182, 4.004345024742649e-13], [0.020733429230273735, 0.7669574432190982, 0.21230912755062809], [0.055010574149112916, 0.7898231793537808, 0.15516624649710634]]}, "walk_steps": {"mean": 0.18210687686351532, "var": 0.003307155660784607, "trans_mat": [[0.7261647748934787, 0.0255598709460603, 0.24827535416046095], [0.15267946430117801, 0.847320535698496, 3.258964442227233e-13], [0.8243027650883951, 2.7374962039368662e-05, 0.17566985994956555]]}}, "67": {"physicalactivity_calories": {"mean": 0.4024307546271712, "var": 0.00021128378509630407, "trans_mat": [[0.8905377199108765, 0.10252845455174653, 0.006933825537376953], [0.5171663214666217, 0.4828334374597018, 2.410736764886147e-07], [0.09267599672161031, 0.030148990186896048, 0.8771750130914936]]}, "physicalactivity_intense_time": {"mean": 0.00010275418243677394, "var": 6.347666602359444e-05, "trans_mat": [[0.9441959507334141, 0.055804049266585824], [0.5937111004568272, 0.4062888995431728]]}, "physicalactivity_moderate_time": {"mean": 0.009054364547417777, "var": 0.0003219511590169297, "trans_mat": [[0.7299838882580502, 0.27001611174194984], [0.21388729999921988, 0.78611270000078]]}, "physicalactivity_soft_time": {"mean": 0.07670006553919248, "var": 0.0006567385557095706, "trans_mat": [[0.9614611487237822, 0.021451957202957103, 0.017086894073260705], [0.15078285663125393, 0.8492171433687451, 9.567850349489296e-16], [0.20326093257848918, 5.669476865869101e-05, 0.796682372652852]]}, "sleep_awake_time": {"mean": 0.04784421168950624, "var": 0.0009861470542337184, "trans_mat": [[0.7577813520662889, 0.24221864793371106], [0.6026467582168775, 0.3973532417831224]]}, "sleep_deep_time": {"mean": 0.4383334756469092, "var": 0.01639688958390467, "trans_mat": [[0.4062489894321607, 0.5937510105678393], [0.31483737829963754, 0.6851626217003625]]}, "sleep_light_time": {"mean": 0.4416211657708313, "var": 0.01372059237500731, "trans_mat": [[0.9777609056941639, 0.022239094305836087], [0.027098738556521024, 0.972901261443479]]}, "sleep_tosleep_time": {"mean": 0.035951515520385995, "var": 0.0009528785652219024, "trans_mat": [[0.4594173212840893, 0.5405826787159107], [0.4566610207293354, 0.5433389792706647]]}, "sleep_wakeup_num": {"mean": 0.0853119756594491, "var": 0.0040213826758458155, "trans_mat": [[0.7580652980510344, 0.2419347019489656], [0.5070472942607869, 0.4929527057392131]]}, "walk_distance": {"mean": 0.22220405950457392, "var": 0.007312703121613232, "trans_mat": [[0.5281209303536897, 0.47187906964631027], [0.1551820933776307, 0.8448179066223693]]}, "walk_steps": {"mean": 0.27840804916802125, "var": 0.013976181653375387, "trans_mat": [[0.6139529297278847, 0.38604707027211516], [0.18520784173011684, 0.8147921582698832]]}}, "68": {"physicalactivity_calories": {"mean": 0.47077723494345547, "var": 0.0004010078985053827, "trans_mat": [[0.9876602352135782, 0.012339764786421799], [0.999999999768611, 2.313890335704604e-10]]}, "physicalactivity_intense_time": {"mean": 6.267224197162837e-05, "var": 5.918083488958723e-05, "trans_mat": [[0.9612990033605957, 0.03870099663940433], [0.8150473534075501, 0.18495264659244995]]}, "physicalactivity_moderate_time": {"mean": 0.07258894437878712, "var": 0.001108829017681585, "trans_mat": [[0.7728085807871161, 0.2061856415263922, 0.021005777686491686], [0.26616716471787494, 0.7338328352814646, 6.60554581758465e-13], [0.0010809026528520753, 0.9989122191680695, 6.878179078514773e-06]]}, "physicalactivity_soft_time": {"mean": 0.15920496288402397, "var": 0.0015206182833469135, "trans_mat": [[0.986401374849726, 0.006893682032384376, 0.006704943117889497], [0.040002799994010886, 0.9599971939013691, 6.104620186000618e-09], [3.8684410486336726e-50, 1.0, 2.8678663978520273e-102]]}, "sleep_awake_time": {"mean": 0.08112667389001607, "var": 0.002236842115459103, "trans_mat": [[0.6744861574029163, 0.32551384259708366], [0.4278340228587704, 0.5721659771412295]]}, "sleep_deep_time": {"mean": 0.11950756086706284, "var": 0.0034046061312518147, "trans_mat": [[0.8738145060177857, 0.12618549398221435], [0.24857833926689332, 0.7514216607331067]]}, "sleep_light_time": {"mean": 0.45047554675110296, "var": 0.014671627049739462, "trans_mat": [[0.8192701710050603, 0.1807298289949397], [0.4313993664176324, 0.5686006335823677]]}, "sleep_tosleep_time": {"mean": 0.006661609077410996, "var": 0.00025311097812062743, "trans_mat": [[0.9316199820023422, 0.06838001799765783], [0.5778095772490324, 0.42219042275096763]]}, "sleep_wakeup_num": {"mean": 0.19282171055795155, "var": 0.008056872735951317, "trans_mat": [[0.9060897655825293, 0.09391023441747078], [0.5831146254681059, 0.41688537453189406]]}, "walk_distance": {"mean": 0.08033072524585418, "var": 0.0012485378117882795, "trans_mat": [[0.6785132880293614, 0.03923433100606303, 0.28225238096457117, 4.3854946528289185e-15], [0.1730085956530267, 0.8269711736186093, 2.023071625396183e-05, 1.2110069238143833e-11], [0.15028561625437714, 0.0241406923699521, 0.8002799033251978, 0.02529378805047289], [0.0954544161677109, 3.23760602179581e-13, 7.846015345537439e-13, 0.9045455838311807]]}, "walk_steps": {"mean": 0.11068008609937621, "var": 0.0014733616186406355, "trans_mat": [[0.6508212848239355, 0.2746186518001229, 0.07456006337594144, 4.748533711690817e-37], [0.1156721121323022, 0.8107533074364647, 0.02817977689635644, 0.04539480353487686], [0.1771074804543345, 6.499095207189569e-09, 0.8228924372087781, 7.583779221145109e-08], [1.2796484633758128e-09, 0.15769588305925994, 3.5567981644259965e-25, 0.8423041156610916]]}}}