{"66": {"physicalactivity_calories": {"mean": 0.44145535951678544, "var": 0.00042352874315801825, "trans_mat": [[0.9885623658185894, 0.011437634181410592], [0.9999999999943193, 5.680723896937278e-12]]}, "physicalactivity_intense_time": {"mean": 0.0, "var": 5.649717514124294e-05, "trans_mat": [[0.9943181818181761, 0.005681818181823935], [1.0, 4.016440124163483e-70]]}, "physicalactivity_moderate_time": {"mean": 0.006624070765658724, "var": 0.00025507200737768154, "trans_mat": [[0.6576813021627088, 0.01827227623805448, 0.3240464215992367, 3.495696255065188e-21], [0.4354429253409745, 0.26180211836316325, 0.3027549562958622, 9.320037206288682e-23], [0.1753618369163011, 0.08893780561568627, 0.7251229327159951, 0.010577424752017287], [0.9999999999997474, 3.448047204983396e-26, 2.5258253602436065e-13, 1.6116466789373952e-130]]}, "physicalactivity_soft_time": {"mean": 0.1571638980388018, "var": 0.0013239380215398998, "trans_mat": [[0.9600491061348209, 0.03995089386517907], [0.10577178599406538, 0.8942282140059347]]}, "sleep_awake_time": {"mean": 0.04942267751247642, "var": 0.0007656821839305528, "trans_mat": [[0.8646619133569076, 0.13533808664309244], [0.6687870840363636, 0.33121291596363656]]}, "sleep_deep_time": {"mean": 0.28765027011591937, "var": 0.005074766252179503, "trans_mat": [[0.9109442579928458, 0.08905574200715423], [0.9999976602346371, 2.3397653629160174e-06]]}, "sleep_light_time": {"mean": 0.3956972700223481, "var": 0.009685500480875948, "trans_mat": [[0.6409491847445975, 0.3590508152554026], [0.33595000695621235, 0.6640499930437876]]}, "sleep_tosleep_time": {"mean": 0.043821928216424416, "var": 0.0005759080551817492, "trans_mat": [[0.9569768636870297, 0.0430231363129702], [0.9999907358793365, 9.26412066345127e-06]]}, "sleep_wakeup_num": {"mean": 2.490376104464914e-06, "var": 0.0002948191189358572, "trans_mat": [[0.4117685315208571, 0.09915586892412916, 0.3447920299978348, 0.14428356955717891], [0.29543913176472625, 2.3226267790483995e-38, 0.5627442007873795, 0.14181666744789417], [0.17350235134500422, 0.13648444886990752, 0.6732896461638878, 0.01672355362120059], [0.16033875944740936, 2.6201162746176475e-23, 0.5734693805486719, 0.2661918600039186]]}, "walk_distance": {"mean": 0.1328469759846965, "var": 0.0016828108661848535, "trans_mat": [[0.7669574432190982, 0.020733429230273735, 0.21230912755062809], [0.17529953503156182, 0.8247004649680378, 4.004345024742649e-13], [0.7898231793537808, 0.055010574149112916, 0.15516624649710634]]}, "walk_steps": {"mean": 0.18210687686351532, "var": 0.003307155660784607, "trans_mat": [[0.7261647748934787, 0.0255598709460603, 0.24827535416046095], [0.15267946430117801, 0.847320535698496, 3.258964442227233e-13], [0.8243027650883951, 2.7374962039368662e-05, 0.17566985994956555]]}}, "67": {"physicalactivity_calories": {"mean": 0.4024307546271712, "var": 0.00021128378509630407, "trans_mat": [[0.8905377199108765, 0.10252845455174653, 0.006933825537376953], [0.5171663214666217, 0.4828334374597018, 2.410736764886147e-07], [0.09267599672161031, 0.030148990186896048, 0.8771750130914936]]}, "physicalactivity_intense_time": {"mean": 0.00010275418243677394, "var": 6.347666602359444e-05, "trans_mat": [[0.9441959507334141, 0.055804049266585824], [0.5937111004568272, 0.4062888995431728]]}, "physicalactivity_moderate_time": {"mean": 0.12464672159431876, "var": 0.006285829266995254, "trans_mat": [[0.78611270000078, 0.21388729999921988], [0.27001611174194984, 0.7299838882580502]]}, "physicalactivity_soft_time": {"mean": 0.07669805306283527, "var": 0.0006568242440247114, "trans_mat": [[0.9614815427934644, 0.021433216625311214, 0.017085240581224338], [0.15067775920454873, 0.8493222407954504, 7.928027795178365e-16], [0.20325601633036397, 5.469284069146163e-05, 0.7966892908289446]]}, "sleep_awake_time": {"mean": 0.04784421168950624, "var": 0.0009861470542337184, "trans_mat": [[0.7577813520662889, 0.24221864793371106], [0.6026467582168775, 0.3973532417831224]]}, "sleep_deep_time": {"mean": 0.37620323424301144, "var": 0.006458765988191885, "trans_mat": [[0.6851626217003625, 0.31483737829963754], [0.5937510105678393, 0.4062489894321607]]}, "sleep_light_time": {"mean": 0.4416211657708313, "var": 0.01372059237500731, "trans_mat": [[0.9777609056941639, 0.022239094305836087], [0.027098738556521024, 0.972901261443479]]}, "sleep_tosleep_time": {"mean": 0.035951515520385995, "var": 0.0009528785652219024, "trans_mat": [[0.4594173212840893, 0.5405826787159107], [0.4566610207293354, 0.5433389792706647]]}, "sleep_wakeup_num": {"mean": 0.0853119756594491, "var": 0.0040213826758458155, "trans_mat": [[0.7580652980510344, 0.2419347019489656], [0.5070472942607869, 0.4929527057392131]]}, "walk_distance": {"mean": 0.0732929365506664, "var": 0.0018962332555953658, "trans_mat": [[0.8448179066223693, 0.1551820933776307], [0.47187906964631027, 0.5281209303536897]]}, "walk_steps": {"mean": 0.1027945124775529, "var": 0.0036401958455972855, "trans_mat": [[0.8151918923615712, 0.1848081076384289], [0.38703330198341945, 0.6129666980165805]]}}, "68": {"physicalactivity_calories": {"mean": 0.47077723494345547, "var": 0.0004010078985053827, "trans_mat": [[0.9876602352135782, 0.012339764786421799], [0.999999999768611, 2.313890335704604e-10]]}, "physicalactivity_intense_time": {"mean": 6.267224197162837e-05, "var": 5.918083488958723e-05, "trans_mat": [[0.9612990033605957, 0.03870099663940433], [0.8150473534075501, 0.18495264659244995]]}, "physicalactivity_moderate_time": {"mean": 0.006027117818794032, "var": 0.00020828862930960865, "trans_mat": [[0.7338328352814646, 0.26616716471787494, 6.60554581758465e-13], [0.2061856415263922, 0.7728085807871161, 0.021005777686491686], [0.9989122191680695, 0.0010809026528520753, 6.878179078514773e-06]]}, "physicalactivity_soft_time": {"mean": 0.0364951196831129, "var": 0.002268029603163855, "trans_mat": [[0.9599971939013691, 0.040002799994010886, 6.104620186000618e-09], [0.006893682032384376, 0.986401374849726, 0.006704943117889497], [1.0, 3.8684410486336726e-50, 2.8678663978520273e-102]]}, "sleep_awake_time": {"mean": 0.16298363953480954, "var": 0.004813552729079019, "trans_mat": [[0.5747655625120874, 0.42523443748791256], [0.3284888641621343, 0.6715111358378656]]}, "sleep_deep_time": {"mean": 0.11950756086706284, "var": 0.0034046061312518147, "trans_mat": [[0.8738145060177857, 0.12618549398221435], [0.24857833926689332, 0.7514216607331067]]}, "sleep_light_time": {"mean": 0.24424304578089293, "var": 0.006034001932224253, "trans_mat": [[0.5686006335823677, 0.4313993664176324], [0.1807298289949397, 0.8192701710050603]]}, "sleep_tosleep_time": {"mean": 0.006661609077410996, "var": 0.00025311097812062743, "trans_mat": [[0.9316199820023422, 0.06838001799765783], [0.5778095772490324, 0.42219042275096763]]}, "sleep_wakeup_num": {"mean": 0.19282171055795155, "var": 0.008056872735951317, "trans_mat": [[0.9060897655825293, 0.09391023441747078], [0.5831146254681059, 0.41688537453189406]]}, "walk_distance": {"mean": 0.0010987482446228518, "var": 0.0006740185189065816, "trans_mat": [[0.9045230620404431, 3.4583395573923724e-13, 0.09547693795913362, 7.757594497914307e-14], [0.025297370134146655, 0.8004491720180771, 0.15013580732377127, 0.024117650524004972], [7.479525721819295e-16, 0.28229424988585167, 0.6783476346669943, 0.03935811544715339], [2.468024618382506e-12, 1.0244816643510542e-05, 0.17299706524454503, 0.8269926899363433]]}, "walk_steps": {"mean": 0.3022654847780707, "var": 0.007206582034470217, "trans_mat": [[0.8228924372087841, 0.17710748045432834, 6.499095207189769e-09, 7.583779221146137e-08], [0.07456006337594728, 0.6508212848239211, 0.2746186518001316, 4.748533711692937e-37], [0.028179776896358436, 0.11567211213230141, 0.8107533074364596, 0.04539480353488055], [3.5567981644283943e-25, 1.2796484633756891e-09, 0.15769588305925908, 0.8423041156610925]]}}}